id,created_at,author_id,text
744669376805224448,2016-06-19T23:13:09.000Z,14101483,Why People Love #Trump : A Case Study of #Milo #Yiannopoulos https://t.co/2oLl6kEhue via @harvardpolitics
744358778770948096,2016-06-19T02:38:57.000Z,272114850,Why people love #DonaldTrump: a case study of #Milo Yiannopoulos... #RegressiveLeft #sjwfail https://t.co/ttHsrdcT9N https://t.co/Q0pOuGza0M
744356627776741376,2016-06-19T02:30:24.000Z,3029503462,#milo... https://t.co/zlqxSSdEVY
744353354663469056,2016-06-19T02:17:23.000Z,14101483,*Excellent* &gt;&gt; The #Milo Yiannopoulos Show: Episode 13 - #DouglasMurray https://t.co/ngrVmliSIj via @YouTube
744342955415175168,2016-06-19T01:36:04.000Z,3184153457,Why People Love #Trump: A Case Study of #MiloYiannopoulos - Harvard Political Review https://t.co/HFC7YFYzDX https://t.co/Ynir9LKn4h
744750153626750976,2016-06-20T04:34:08.000Z,272114850,"#Milo Yiannopoulos Slams #Twitter For Being â€˜Sharia-Compliant,â€™ Credits Drudge With Reinstatement #SaudiArabia #ISIS https://t.co/oPRCS1dNV8"
745173391439650816,2016-06-21T08:35:55.000Z,259898526,Milo #Yiannopoulos: Caveat Emptor - https://t.co/iMshD5R3ia
745640976547516416,2016-06-22T15:33:56.000Z,14662354,College #Republicans suspended for a year at UC Irvine after Milo Yiannopoulos uproar https://t.co/TbmzBdr7yD #UCIrvine #MiloYiannopoulos
745435391709294592,2016-06-22T01:57:01.000Z,14101483,Full Event: #Milo #Yiannopoulos at UC-Irvine (6-2-16) https://t.co/kMxmbZKBUQ via @YouTube
746088205380952064,2016-06-23T21:11:04.000Z,41705203,#MiloYiannopoulos reveals why he thinks #Trump haters are the worst people in the world: https://t.co/QPCc52u9XC https://t.co/yiZ6QJ9CRz
746052172266283008,2016-06-23T18:47:53.000Z,777109530,Alex Kazemi on The #Milo Show: Social Justice Makes People More Vulnerable to Orlando-Styleâ€¦ https://t.co/w1BpFdAmOA
746046677275009025,2016-06-23T18:26:03.000Z,272114850,".@RiMartineau Dans cet article,le #Harvard Political Review analyse les succÃ¨s de #DonaldTrump et #Milo Yiannopoulos https://t.co/ttHsrdcT9N"
746450537479049216,2016-06-24T21:10:51.000Z,22932097,Check out this cool episode: https://t.co/9OwzKaLA3z. Entertaining  but NOT for listening at work #Milo https://t.co/kPxkB8n2is
746278630649696256,2016-06-24T09:47:45.000Z,15220853,"#TheodoreShoebat Says #MiloYiannopoulos And #GavinMcInnes Should Be Put To Death
https://t.co/W7OcUdARYp
RWNJs repressed"
746271446603866112,2016-06-24T09:19:12.000Z,702919804303360000,Theodore Shoebat Says #MiloYiannopoulos And #GavinMcInnes Should Be P... https://t.co/QVKoggn9bz #Liberal #Democrat https://t.co/JwZyLkGe2E
746229490922098689,2016-06-24T06:32:29.000Z,272114850,.@SarahTheHaider @HunterRobertAsh The #Harvard Political Review analyzes popularity of #Milo Yiannopoulos &amp; #Trump!! https://t.co/ttHsrduu1l
746226172346798081,2016-06-24T06:19:18.000Z,711601518273818628,Theodore Shoebat Says #MiloYiannopoulos And #GavinMcInnes Should Be Put To Death https://t.co/EOPTdiOvcZ #Liberal https://t.co/UYZdADyt8W
746570847742214145,2016-06-25T05:08:55.000Z,724822572286750720,Milo #Yiannopoulos #at #DePaul #University #5 #24 #2016 #MTVEMA #design https://t.co/sS9Jam5vu5
747192857862225922,2016-06-26T22:20:34.000Z,382007426,"Are #PaulJosephWatson, #AlexJones, #StefanMolyneux and #MiloYiannopoulos Zionist #KosherConservatards? | @SOMICOM https://t.co/vA0kahhbcD"
747191397506228224,2016-06-26T22:14:45.000Z,221651717,"Are #PaulJosephWatson #AlexJones, #StefanMolyneux &amp; #MiloYiannopoulos  #KosherConservatards? https://t.co/g4b6ooJ8em https://t.co/QVbFZlI2Eg"
747139596706775058,2016-06-26T18:48:55.000Z,347102876,BREAKING: Milo #Yiannopoulos #Censored On #Twitter https://t.co/RByVwWn17H via @YouTube
747404158148313088,2016-06-27T12:20:12.000Z,722970901516427264,@jallman971 Milo Yiannopoulos visiting colleges on his #DangerousFaggotTour  Love him taking it to the campus #Snowflakes
747285361689145344,2016-06-27T04:28:08.000Z,777109530,Breitbartâ€™s #Milo To Lead Gay Pride March Through Swedish Muslim Ghetto: Milo Yiannopoulosâ€¦ https://t.co/hheP05Pjwc
747249405934374916,2016-06-27T02:05:16.000Z,272114850,"Long but #interesting piece on the #altright,by @LibertarianBlue &amp; #Milo Yiannopoulos @Nero. https://t.co/Vxnw3D2mVB https://t.co/a0dO0s6Jej"
747227428536352769,2016-06-27T00:37:56.000Z,272114850,.@mehdirhasan @Emmyjewel @AJUpFront What do U make of what half-Jew #Milo Yiannopoulos @Nero told Dave @RubinReport? https://t.co/WBZXfUCx1q
749021731747049472,2016-07-01T23:27:51.000Z,43598363,Well Worth Taking the Time - #Milo Yiannopoulos and the Baltimore Barristers Focus on Reality -&gt; https://t.co/NGCtgWiBQJ
750277058199117824,2016-07-05T10:36:04.000Z,21511099,#Milo #Yiannopoulos declares #Trump #â€˜most pro-gayâ€™ presidential candidate #U.S. history https://t.co/sOFTMY5PdD
750827450418991104,2016-07-06T23:03:08.000Z,3324350409,...Nero #Nero is on #Joe Rogan JoeRogan #Live #Breaking ;)  Experience #820 - Milo Yiannopoulos https://t.co/XdjFVVw7oc via YouTube
750824441672638464,2016-07-06T22:51:11.000Z,33160996,...@Nero #Nero is on #Joe Rogan @JoeRogan #Live #Breaking ;)  Experience #820 - Milo Yiannopoulos https://t.co/X9hveSO1bW via @YouTube
751110074567782400,2016-07-07T17:46:11.000Z,722970901516427264,Suck It Up Buttercups: Dangerous Faggot Tour Returns To Colleges In September! #DangerousFaggotTour #CampusReform  https://t.co/cFkp0XiZXn
752228936814252032,2016-07-10T19:52:08.000Z,43598363,My Favorite #Milo Yiannopoulos Speech https://t.co/8RQ2tz0E6g
752177788329857028,2016-07-10T16:28:54.000Z,350557906,&gt; Milo &amp; @AnnCoulter - Hillary Will Only Worsen Race Relations #hillary @Nero #milo #AnnCoulter ~ https://t.co/z9dFnLT20x
752137578233663488,2016-07-10T13:49:07.000Z,272114850,Hi @Emmyjewel! This could interest you... #Milo Yiannopoulos @Nero has an #interview on @theboltreport... #Australia https://t.co/3rdE5CrTqS
752613965729976321,2016-07-11T21:22:06.000Z,29432755,#MiloYiannopoulos banned - More About the Cowards at #DePaul University - Washington Times https://t.co/OdBa7fTZVw
752436565385719808,2016-07-11T09:37:11.000Z,234634464,"#theboltreport  #Milo #Yiannopoulos you speak total sense . 
Totally support your #DangerousFaggotTour &amp; all the very best."
752797112304369664,2016-07-12T09:29:52.000Z,272114850,"#Milo Yiannopoulos @Nero #Australia TV #interview. Discussed #Islam, #DonaldTrump, #LGBTQ... https://t.co/QbKWoxLGKV https://t.co/mLllfFmifd"
752686169469521922,2016-07-12T02:09:01.000Z,45230445,"Milo #Yiannopoulos is just a badly dressed version of #Trump, seen here on #skynews smelling each other's bullshit https://t.co/PIKbb6QLaS"
753708216425426945,2016-07-14T21:50:16.000Z,43598363,Uncensored thoughts. #Milo Yiannopoulos sits down with Sky News Australia. https://t.co/VfI1NSwND7
755182324040470528,2016-07-18T23:27:51.000Z,272114850,".@RiMartineau #Milo Yiannopoulos @Nero parle Ã  #Cleveland du politiquement correct, de l'islam...#NiceAttentat #ISIS https://t.co/TfnIvobkXp"
755138915749822465,2016-07-18T20:35:21.000Z,272114850,"#RNCinCLE speech by #Milo Yiannopoulos @Nero, re. political correctness and Islam... #NiceAttack #OrlandoShooting https://t.co/TfnIvobkXp"
755547980145446912,2016-07-19T23:40:50.000Z,2911520575,"Leslie Jones's Twitter abuse is a deliberate campaign of hate, led by Milo Yiannopoulos #BanNero @support @jack
https://t.co/scBxSaVAwq"
755543178305044481,2016-07-19T23:21:45.000Z,2790763692,"Here is another. BTW he regularly writes ""news stories"" listing every living relative of women he dislikes. #BanMilo https://t.co/EEFLvbB8sA"
755542043728936960,2016-07-19T23:17:15.000Z,2790763692,Here's an article about the creep who lead neo-nazis to drive Leslie Jones off twitter with overt racism. #BanMilo https://t.co/cbc0I65deI
755535208720371714,2016-07-19T22:50:05.000Z,477018429,#Milo Yiannopoulos at #America First #Unity Rally #RNC (7/18/16) https://t.co/38YAj5I2CV
755486490852003840,2016-07-19T19:36:30.000Z,2896051760,Wow.  Hadn't done much reading on Milo Yiannopoulos before now.  Yup - #banmilo.  No question.  Get him the fuck off Twitter.
755475009540231168,2016-07-19T18:50:52.000Z,4427456724,"#suspendneroparty 

I WANNA SEE MATT HARDY DELETE NERO (Milo Yiannopoulos) FOREVER !!!!!!"
755458567411412992,2016-07-19T17:45:32.000Z,989943626,"It's great that #BanNero is trending, but we should make sure that Milo Yiannopoulos is publicly called out by name."
755437354253365248,2016-07-19T16:21:15.000Z,349409994,What's that? Milo Yiannopoulos is a disingenuous bully? It took us this long and two suspensions to figure this out? Shame on us. #BanNero
755341489992003585,2016-07-19T10:00:19.000Z,61202049,lol it's hard not to like #Milo lovely article https://t.co/AnuBIIOVOo @Nero
755275624403599360,2016-07-19T05:38:35.000Z,25097371,"Retweeted a woman online (@good_opinions):

milo yiannopoulos ringleads gamergate, a hate group, he deserves to be censored #BanNero"
755245333500878848,2016-07-19T03:38:13.000Z,1116725156,#BanNero because it gives me an excuse to remind everyone about this https://t.co/H1467CxgHJ
755915179573907456,2016-07-20T23:59:57.000Z,3219740900,Twitter Bans Milo Yiannopoulos #FreeMilo | Mike Cernovich and Stefan Mol... https://t.co/ErGrSNNRie
755914765260775425,2016-07-20T23:58:18.000Z,360723409,Milo Yiannopoulos Talks About His Twitter Ban on @RSBNetwork with @WayneDupreeShow https://t.co/KSYhIVBT4U #RNC2016 #gopconvention #freemilo
755914198048178176,2016-07-20T23:56:03.000Z,165710347,#FreeMilo Milo Yiannopoulos talks to CNBC about his Twitter Suspension https://t.co/mQcaANPmcM via @YouTube
755913240509546496,2016-07-20T23:52:15.000Z,14662354,Conservative commentator's Twitter ban reignites accusations of social media bias: https://t.co/DTdiHADOFl #MiloYiannopoulos
755912884841046017,2016-07-20T23:50:50.000Z,395611663,Twitter's censuur tegen islamcritici #FreeMilo Milo Yiannopoulos talks to CNBC about his Twitter Suspension https://t.co/5ZnaDVFfkA
755911039040970752,2016-07-20T23:43:30.000Z,4673902993,Twitter Bans Milo Yiannopoulos AKA @Nero.. Is It Against Free Speech? #FreeMilo  https://t.co/VIFRzXclpH https://t.co/yG2jg7c4cv
755910766692360193,2016-07-20T23:42:25.000Z,4017717778,Free Milo Yiannopoulos T-Shirt @Nero https://t.co/rwIpeHCyMJ   #FreeMilo #StopCensorship #Milo #Yiannopoulos #Tshirt https://t.co/yDqD51bigQ
755910579223683072,2016-07-20T23:41:40.000Z,2321885864,I liked a @YouTube video from @stefanmolyneux https://t.co/4pB7UKHIY1 Twitter Bans Milo Yiannopoulos #FreeMilo | Mike Cernovich and
755909701620097025,2016-07-20T23:38:11.000Z,65542076,I liked a @YouTube video https://t.co/N1LP8IXxaB #FreeMilo Milo Yiannopoulos talks to CNBC about his Twitter Suspension
755909087552872448,2016-07-20T23:35:45.000Z,52891701,"#FreeMilo #freemilo #Trump2016 
https://t.co/eNNy9RVwMo"
755909048281796609,2016-07-20T23:35:35.000Z,345001226,Twitter Bans Milo Yiannopoulos #FreeMilo | Mike Cernovich and Stefan Mol... https://t.co/p6VAQ0pYga via @YouTube
755908907181015040,2016-07-20T23:35:02.000Z,16073596,War! How Breitbart's Milo Yiannopoulos Reacted After He Was Banned on Twitter https://t.co/GNko6kDr0h #FreeMilo #auspol
755908190110306304,2016-07-20T23:32:11.000Z,21511099,"#Breitbart #editor alt-right hero, #Milo #(@nero) has been permanently suspended Twitter https://t.co/3F3SBc5wSd"
755907936669437953,2016-07-20T23:31:10.000Z,531972110,"The best breakdown of the whole Milo affair. 
https://t.co/cEmCm7Qnb6
#FreeMilo"
755907908924272640,2016-07-20T23:31:04.000Z,272114850,".@cali94612 I'm very #liberal, for tackling #guns &amp; #GlobalWarming, but gay #conservative #Milo Yiannopoulos is right about #Islam.#FreeMilo"
755907790464552966,2016-07-20T23:30:35.000Z,605019702,I liked a @YouTube video from @stefanmolyneux https://t.co/jC8huFryCZ Twitter Bans Milo Yiannopoulos #FreeMilo | Mike Cernovich and
755907765055295488,2016-07-20T23:30:29.000Z,8057892,"Hey, Milo made the NYT. #freeMilo #fromhimself #byeMilo #byefelicia #hashtags #PokemonGO #gopconvention https://t.co/5yZIu1ET1f"
755907066062053376,2016-07-20T23:27:43.000Z,25770408,"""There is a systemic campaign against conservative and libertarian points of view on Twitter."" Milo Yiannopoulos #freeMilo #dk"
755905757489561600,2016-07-20T23:22:31.000Z,30667746,Twitter banning Milo Yiannopoulos makes me want to follow him even more. #freemilo
755904576180592644,2016-07-20T23:17:49.000Z,40452640,I liked a @YouTube video from @stefanmolyneux https://t.co/wjr7g3DMcN Twitter Bans Milo Yiannopoulos #FreeMilo | Mike Cernovich and
755903909588299776,2016-07-20T23:15:10.000Z,1372786812,"Milo  Vows to Make Twitter Bosses 'Wish They'd Never Started a Company' After Lifetime Ban
#FreeSpeechForMillo  https://t.co/0Sn8xCtnXP"
755903186670583809,2016-07-20T23:12:18.000Z,3228832457,I liked a @YouTube video https://t.co/NzWulnTjul #FreeMilo Milo Yiannopoulos talks to CNBC about his Twitter Suspension
755903121071702016,2016-07-20T23:12:02.000Z,28292198,I liked a @YouTube video https://t.co/NcS73BBoGg #FreeMilo Milo Yiannopoulos talks to CNBC about his Twitter Suspension
755903097105485824,2016-07-20T23:11:57.000Z,146608835,I liked a @YouTube video https://t.co/y8yogVjXl1 #FreeMilo Milo Yiannopoulos talks to CNBC about his Twitter Suspension
755902498347552768,2016-07-20T23:09:34.000Z,2200860884,#SocialLeaf #SEO #SMO #FreeMilo prompts free speech debate after Twitter ban on conservative pundit https://t.co/IaWs3U5C8N
755902262703190016,2016-07-20T23:08:38.000Z,37878292,Consider myself left of center. Banning of Milo Yiannopoulos  by @twitter @Support (and apparent suppression of #freemilo) is unacceptable.
755902258181791744,2016-07-20T23:08:36.000Z,18229950,Twitter Permanently Suspends Conservative Writer Milo Yiannopoulos https://t.co/lq0bjwB2iB What's evidence #freeMilo orchestrated hate?@aclu
755902247431761920,2016-07-20T23:08:34.000Z,2411290603,#FreeMilo El periodista anti-feminista Milo Yiannopoulos fuÃ© suspendido permanentemente de Twitter https://t.co/6v6VExOnLz  @VaronesUnidos
755902158680182784,2016-07-20T23:08:13.000Z,15174926,"Your 15 mins are up!  #Milo Yiannopoulos declares war on #Twitter after ban: 'Iâ€™m going to make their lives hell'
https://t.co/HIzm2YoVmb"
755901258960035840,2016-07-20T23:04:38.000Z,40735331,"Twitter Bans Milo Yiannopoulos, Initiates Major Internet Fee Speech War #FreeMilo https://t.co/TculHlLGGI"
755900373701828608,2016-07-20T23:01:07.000Z,4096149189,#FreeMilo Milo Yiannopoulos talks to CNBC about his Twitter Suspension https://t.co/Jvq5en4jXH via @YouTube
755900292248449024,2016-07-20T23:00:48.000Z,1260153174,"#FreeMilo. The Scapegoat of @Jack's speech police. Milo didn't engage till far after her ""bullying"" started.

https://t.co/U7OCVk8Sdm"
755900214653947905,2016-07-20T23:00:29.000Z,443719711,"Milo Yiannopoulos declares war on Twitter after lifetime ban: 'Iâ€™m going to make their lives hell'

https://t.co/JDaEdyROQf

#FREEMILO"
755899993483988994,2016-07-20T22:59:37.000Z,716177256586948608,"Twitter bans Milo Yiannopoulos for calling an actress ""barely literate"". So much for being a platform for free speach. #freemilo"
755898718721892352,2016-07-20T22:54:33.000Z,734440531212673024,"BreitbartNews: FYI, ICYMI, and AYFKM, the ""pros"" in the news are lying about Milo &amp; Leslie Jones: https://t.co/C265x3L1Wp #FreeMilo"
755898361488740352,2016-07-20T22:53:07.000Z,457984599,"FYI, ICYMI, and AYFKM, the ""pros"" in the news are lying about Milo &amp; Leslie Jones: https://t.co/d7PUnZPO51 #FreeMilo"
755897920184995840,2016-07-20T22:51:22.000Z,8332612,#FreeMilo Milo Yiannopoulos talks to CNBC about his Twitter Suspension https://t.co/Q9NKcMjYzC via @YouTube
755897830619934720,2016-07-20T22:51:01.000Z,34144971,"I Disapprove of What You Say, But I Will Defend to the Death Your Right to Say It - Voltaire
#FreeSpeech #FreeMilo
https://t.co/XUMNgZLSD5"
755897492944728065,2016-07-20T22:49:40.000Z,50498002,.@Twitter ban Greek #British #MiloYiannopoulos Trolling  #American female #LeslieJones https://t.co/JNB5aS1Nq6 #smh https://t.co/tNIwlBhArX
755897069504638976,2016-07-20T22:47:59.000Z,2894939896,@burneybean your shoes are gayer than Milo Yiannopoulos #freemilo
755895782822248449,2016-07-20T22:42:53.000Z,20836452,@realDonaldTrump PLEASE invite Milo Yiannopoulos to speak at RNC. He's on the very front-line of our culture war. #freemilo #miloarmy
755895532908867584,2016-07-20T22:41:53.000Z,2736754719,I liked a @YouTube video https://t.co/ZvQKYXz7dd #FreeMilo Milo Yiannopoulos talks to CNBC about his Twitter Suspension
755895066825203713,2016-07-20T22:40:02.000Z,509336582,I liked a @YouTube video https://t.co/2pFKoGuWES #FreeMilo Milo Yiannopoulos talks to CNBC about his Twitter Suspension
755894740332089344,2016-07-20T22:38:44.000Z,722970901516427264,Milo Yiannopoulos Vows to Make Twitter Bosses â€˜Wish Theyâ€™d Never Started Companyâ€™ After Lifetime Ban. #FreeMilo  https://t.co/3dD3OfHPnF
755894188714196992,2016-07-20T22:36:33.000Z,3951400894,"Milo Yiannopoulos Talks About His Twitter Ban on RSBN with Wayne Dupree &amp; Crew our beloved Milo, miss you #FreeMilo https://t.co/9KnPhruu07"
755893833762738176,2016-07-20T22:35:08.000Z,18536526,I liked a @YouTube video from @stefanmolyneux https://t.co/NxcoQwmXea Twitter Bans Milo Yiannopoulos #FreeMilo | Mike Cernovich and
755893779228483584,2016-07-20T22:34:55.000Z,4528323921,"#FreeMilo? Milo Yiannopoulos, King of Trolls, Called for Mass Censorship in a 2012 Essay https://t.co/kqQcJ6E7Si"
755892993052192769,2016-07-20T22:31:48.000Z,2258410562,"Milo wants to bring down @Twitter
Okay
For a start-keep blocking advertisers everyone
https://t.co/i4b8U4tJET
#BlockforMilo
#FreeMilo"
755892836885671937,2016-07-20T22:31:10.000Z,160341259,Twitter Bans Milo Yiannopoulos #FreeMilo | Mike Cernovich and Stefan Mol... https://t.co/qyzWHxyNE4 via @YouTube
755892628072333312,2016-07-20T22:30:20.000Z,35733687,"Twitter Bans Conservative Journalist Milo Yiannopoulos Over Tweets To Leslie Jones, Sparks #FreeMilo And #FreeNero - https://t.co/HtMcQxbxwx"
755892586318036992,2016-07-20T22:30:11.000Z,715179107865141248,Why did it take Leslie Jones for #Twitter to finally ban Milo Yiannopoulos? https://t.co/fhWHbRbCjk #miloyiannopoulos #harassment #tech
755892329391595520,2016-07-20T22:29:09.000Z,4517420427,Twitter Bans Milo Yiannopoulos #FreeMilo | Mike Cernovich and Stefan Mol... https://t.co/ZZ2ybCVJkZ via @YouTube
755891950901944320,2016-07-20T22:27:39.000Z,101805057,Twitter Bans Milo Yiannopoulos #FreeMilo | Mike Cernovich and Stefan Molyneux https://t.co/LYPX6IDYyE
755891602195820544,2016-07-20T22:26:16.000Z,385827528,Twitter Bans Milo Yiannopoulos - Guest: Mike Cernovich @Cernovich - Freedomain Radio with @freedomainradio #FreeMilo https://t.co/kxNctn2djA
755890992599879680,2016-07-20T22:23:51.000Z,2152381201,#Twitter Bans #Milo Yiannopoulos #FreeMilo | Mike Cernovich and Stefan Molyneux https://t.co/2PUrt45kIz
755890670909267968,2016-07-20T22:22:34.000Z,3184532725,#FreeMilo prompts free speech debate after Twitter ban on conservative pundit https://t.co/VIULd5fzF2 via @Mashable
755890393510666240,2016-07-20T22:21:28.000Z,80793585,"Leslie Jones Was Punching Down on Twitter Trolls for Hours Before Milo Ever Mentioned Her - https://t.co/mwtXqJtSoX
#FreeMilo 
#NeverHillary"
755890300602777600,2016-07-20T22:21:06.000Z,24894949,#FreeMilo @Support @jack MT @HisHandUpraised: Milo Yiannopoulos talks to CNBC about Twitter Suspension https://t.co/vxk109q8vy via @YouTube
755889340128034816,2016-07-20T22:17:17.000Z,811061004,"#Milo Yiannopoulos may be a troll, but every few tweets, he hit the nail on the head."
755889330250448897,2016-07-20T22:17:14.000Z,316640543,Twitter Bans Milo Yiannopoulos #FreeMilo | Mike Cernovich and Stefan Mol... https://t.co/UEBMhDn1cm via @YouTube
755889327058456576,2016-07-20T22:17:13.000Z,490026100,"Twitter... a safe space for Muslim terrorists &amp; BLM extremists, but a no-go zone for conservatives
--Milo Yiannopoulos #freemilo"
755888341070077952,2016-07-20T22:13:18.000Z,754805571212210176,Twitter Bans Milo Yiannopoulos #FreeMilo | Mike Cernovich and Stefan Mol... https://t.co/4CNNmDA3e0
755887328460242944,2016-07-20T22:09:17.000Z,25377159,"How?! Go Tweet about it. Oh, u can't #Banned (I hope) #MiloYiannopoulos-'I'm going to make their lives hell' https://t.co/gbC1XpEg5W"
755887061404684289,2016-07-20T22:08:13.000Z,158007214,",@twitter -banished provocateur Milo Yiannopoulos speaks to CBC News

https://t.co/ftvkX3LMGx

#freemilo"
755886669467881472,2016-07-20T22:06:40.000Z,2832807514,Leslie Jones Was Punching Down on Twitter Trolls for Hours Before Milo Ever Mentioned Her - Breitbart https://t.co/kEXWRUL5LK   #FreeMilo
755886421580222464,2016-07-20T22:05:41.000Z,82126521,Milo Yiannopoulos Banned from Twitter Permanently After Negative Ghostbu... https://t.co/etKHrUxXIs via @YouTube #tcot #ccot #FreeMilo #1A
755886104348397569,2016-07-20T22:04:25.000Z,42525814,#FreeMilo Milo Yiannopoulos talks to CNBC about his Twitter Suspension https://t.co/vTRLdSsZTI via @YouTube
755885585265332227,2016-07-20T22:02:21.000Z,49097621,#FreeMilo: Iâ€™m not a conservative but Twitter is wrong to purge MiloÂ Yiannopoulos https://t.co/S898vt957m https://t.co/UJsGeTIqje
755885411990462464,2016-07-20T22:01:40.000Z,14101483,Twitter Bans Milo Yiannopoulos #FreeMilo | Mike Cernovich and Stefan Mol... https://t.co/xzIghHTuQA via @YouTube
755884199048048641,2016-07-20T21:56:51.000Z,15936802,"Excellent wrap on #FreeMilo. ""takes a special kind of as*hole to actually get banned from Twitter.""
https://t.co/yPo1pXaoxP by @jessesingal"
755884118785847296,2016-07-20T21:56:32.000Z,32497478,Twitter Suspends Milo Yiannopoulos Permanently https://t.co/R1PvuXBkWx #FreeMilo
755883491355725824,2016-07-20T21:54:02.000Z,713445748239675392,"THE INTERNET IS MEAN! ""#FreeMilo Milo Yiannopoulos talks to CNBC about his Twitter Suspension"" https://t.co/s9wMczUzV1"
755882960335679489,2016-07-20T21:51:56.000Z,331670438,"Love how #FreeMilo is mad when #MiloYiannopoulos himself wanted to ban trolls on Twitter a while back. 

https://t.co/FmRj4Wkudf"
755882758149402624,2016-07-20T21:51:07.000Z,29955357,"In 2012, Milo Yiannopoulos warned against the hate speech of his 2016 version, and in favour of censure. https://t.co/w326BMt02W #FreeMilo"
755882556159995905,2016-07-20T21:50:19.000Z,4558483872,"Talk about freedom of repression.
Twitter Bans Milo Yiannopoulos, Initiates Major Internet Fee Speech War #FreeMilo https://t.co/4lFQ9cleBr"
755881561367740416,2016-07-20T21:46:22.000Z,755069001265360896,Twitter Bans Milo Yiannopoulos #FreeMilo | Mike Cernovich and Stefan Molyneux https://t.co/2Fl82ZSNTG
755881526886277121,2016-07-20T21:46:14.000Z,737081881,#FreeMilo Milo Yiannopoulos talks to CNBC about his Twitter Suspension https://t.co/6yESxNmsia
755881465196535809,2016-07-20T21:45:59.000Z,12591732,#tcot Twitter Bans Milo Yiannopoulos #FreeMilo | Mike Cernovich and Stefan Molyneux https://t.co/PdOUXgYcRH
755881107774660608,2016-07-20T21:44:34.000Z,29536948,#FreeMilo Milo Yiannopoulos talks to CNBC about his Twitter Suspension   https://t.co/qbb10Omtip
755880314631708673,2016-07-20T21:41:25.000Z,4801128139,I don't like Milo Yiannopoulos but this twitter thing is pretty fucked TBH #FreeMilo
755880280037044224,2016-07-20T21:41:16.000Z,26887881,newStreamÂ©: Twitter Bans Milo Yiannopoulos #FreeMilo | Mike Cernovich and Stefan Molyneux https://t.co/KqxABc51LF
755880274156720128,2016-07-20T21:41:15.000Z,3794141772,#MiloYiannopoulos joins Gary and Shannon to talk about his recent ban from Twitter #freemilo or #banmilo https://t.co/T66nLYDkvp @nero
755880264824418304,2016-07-20T21:41:13.000Z,332859680,Are Libs @NYTimes in favor of banning Free speech if it means shutting up Gay Conservative Milo Yiannopoulos #Nero https://t.co/POOdTk8pGy
755880185598214144,2016-07-20T21:40:54.000Z,302287513,"A refreshing take on freedom of expression
#freeMilo 
Why Twitter was wrong to ban Milo https://t.co/y8QT3Bc1Ni via @IrishTimesLife"
755880169827667969,2016-07-20T21:40:50.000Z,37295817,"Whether you like Milo Yiannopoulos or not, someone being banned for life from Twitter for something they didnt even do is not okay #FreeMilo"
755880085819912192,2016-07-20T21:40:30.000Z,1952364625,"#Milo Yiannopoulos is the King of Trolls. But 4 Years Ago, he was a politically correct SJW https://t.co/aKfXy7Z3YI https://t.co/RbCVUulRjs"
755879969285218304,2016-07-20T21:40:02.000Z,726770849773178880,Why Milo Yiannopoulos Was Permanently Suspended From TwitterÂ #FreeMilo https://t.co/QQe5bsyakq https://t.co/6EgXfH6O4r
755879502769557504,2016-07-20T21:38:11.000Z,1319503753,"Suspending Milo Yiannopoulos, while allowing others with threatening violence and hate is hypocrisy. #freemilo #stopcensoringjust oneside"
755879495110914049,2016-07-20T21:38:09.000Z,26547124,Twitter Bans Milo Yiannopoulos #FreeMilo | Mike Cernovich and Stefan Mol... https://t.co/WQQbxoEK36 via @YouTube  #FreeMilo #FreeNero
755879203799703552,2016-07-20T21:37:00.000Z,15132784,Hey @jack #FreeTheDangerousFaggot #FreeMiloNow https://t.co/FENCqIdKoq
755879011478228992,2016-07-20T21:36:14.000Z,185508695,#FreeMilo Milo Yiannopoulos talks to CNBC about his Twitter Suspension  https://t.co/huPoYT9F6z
755879011088146432,2016-07-20T21:36:14.000Z,430459707,"Twitter admits dragging feet on trolls, bans Milo Yiannopoulos https://t.co/ixSbowdwVO via @CNET
#BanNero worked"
755878948098015233,2016-07-20T21:35:59.000Z,725225227962081280,Milo Yiannopoulos is banned and Twitter won't be the same until he returns #FreeMilo
755878749627899905,2016-07-20T21:35:12.000Z,20511896,#Twitter bans #Breitbart's #MiloYiannopoulos for harassment https://t.co/PrwK6v5YCn https://t.co/prlmzZYQrt
756276871331930112,2016-07-21T23:57:11.000Z,739244644488216576,"Milo Yiannopoulos Banned &amp; Leslie Jones Racist #FreeMilo #FreedomMatters #FreedomOfSpeech  
#FreedomofExpression  https://t.co/qUEZNl6mrS"
756275508283932673,2016-07-21T23:51:46.000Z,2445475424,#FreeMilo Milo Yiannopoulos talks to CNBC about his Twitter Suspension https://t.co/UgMdIs7Pg3 via @YouTube
756273288997920768,2016-07-21T23:42:57.000Z,315614454,I liked a @YouTube video https://t.co/U0MVvKxCyx #FreeMilo Milo Yiannopoulos talks to CNBC about his Twitter Suspension
756272070200131584,2016-07-21T23:38:07.000Z,2185599740,WE NEED MILO YIANNOPOULOS BACK #FREEMILO
756270355560407040,2016-07-21T23:31:18.000Z,294015359,I liked a @YouTube video https://t.co/AvYwfb3p2l #FreeMilo Milo Yiannopoulos talks to CNBC about his Twitter Suspension
756268998572990466,2016-07-21T23:25:54.000Z,3165230185,Milo Yiannopoulos @Nero Responds To Being Permanently Blocked On Twitter https://t.co/G3sbKOCazo via @YouTube #freemilo #freemilonow
756265692869959680,2016-07-21T23:12:46.000Z,1249502708,Twitter Bans Milo Yiannopoulos #FreeMilo | Mike Cernovich and Stefan Mol... https://t.co/Ii2NawDnrK
756263073514557440,2016-07-21T23:02:22.000Z,1302674515,"Milo Yiannopoulos is a fucking bully/right wing SJW, who attacks anyone he disagrees with. Just like an SJW. #RNCinCLE #FreeMilo #FuckMilo"
756260392767197185,2016-07-21T22:51:42.000Z,361376240,Leslie Jones Was Punching Down on Twitter Trolls for Hours Before # Milo Ever Mentioned Her - Breitbart https://t.co/Zydnd9rwkS #freemilo
756258890585636866,2016-07-21T22:45:44.000Z,2405138402,Follow The Money To Understand Why Milo Yiannopoulos Was Banned #FreeNero https://t.co/LWxk2oUUNP via @israellycool
756257675890008065,2016-07-21T22:40:55.000Z,1013253631,Twitter Bans Milo Yiannopoulos #FreeMilo | Mike Cernovich and Stefan Mol... https://t.co/GmMTojiqUt via @YouTube
756256688206848001,2016-07-21T22:36:59.000Z,756209093786775553,"@realDonaldTrump Daddy, please drop a few word for my host Milo Yiannopoulos, who is banning the most Fabulous conservative voice #FreeMilo"
756255830656200704,2016-07-21T22:33:35.000Z,18372616,#LeslieJones learns #Twitter trolls aint cute #MovieTVTechGeeks #MiloYiannopoulos #Racism https://t.co/vRGRtIuohN via @movietvtechgeek
756252161302941696,2016-07-21T22:19:00.000Z,22367931,Milo Yiannopoulos Confronts Twitter At The RNC https://t.co/uOVCH2ItyS via @YouTube #freemilo
756250953888608256,2016-07-21T22:14:12.000Z,170763654,blogdog: #Milo Yiannopoulos Confronts Twitter At The RNC https://t.co/CrDnBccS7E
756249455993597952,2016-07-21T22:08:15.000Z,3787341612,@instagram What are your grounds for deactivating user milo.yiannopoulos? @Nero #FreeMilo
756249287131066368,2016-07-21T22:07:35.000Z,185030814,"Milo Yiannopoulos, Twitter, and Freedom of Speech that is the prove of injustice with Milo #FreeMilo  https://t.co/HHjbMcszms via @YouTube"
756248459016110080,2016-07-21T22:04:17.000Z,353022633,"Milo Yiannopoulos thinks @Twitter banning him is ""the end of the platform"". https://t.co/rLFK2kzC9w #hahaha #BanMilo"
756247010433380352,2016-07-21T21:58:32.000Z,95058717,Breaking: Milo Yiannopoulos' account on Instagram now gone. Banned? #FreeMilo #FreeMiloNow cc: @IamQueenAri
756246468147548162,2016-07-21T21:56:23.000Z,327034642,Milo Yiannopoulos Confronts Twitter At The RNC https://t.co/J8VUNVb3CH via @YouTube #FreeMilo
756245535124848640,2016-07-21T21:52:40.000Z,3082660367,"Breitbartâ€™s Milo Yiannopoulos, Banned From Twitter, Once Supported Twitter Trolling Bans https://t.co/3EFUvKMP5F @nero #freenero #bannero"
756244794410532864,2016-07-21T21:49:43.000Z,3252457706,"@cnnbrk Milo's Revenge: Yiannopoulos ""In Talks"" for Reality TV, Movie After Twitter Ban! #FreeMilo https://t.co/eUpJB6bKcp #RNCinCLE #CNN"
756244309158920192,2016-07-21T21:47:48.000Z,438589393,Follow The Money To Understand Why Milo Yiannopoulos Was Banned #FreeNero https://t.co/VCYeuoWJd9 via @israellycool
756243655401230336,2016-07-21T21:45:12.000Z,2655288151,Milo Yiannopoulos: @twitter Waging 'Systemic Campaign' Against Conservative Viewpoints https://t.co/V6jWQrBVC4 via @mediaite #FreeMilo
756242499253829632,2016-07-21T21:40:36.000Z,3165230185,Milo Yiannopoulos Permanently Suspended From Twitter https://t.co/CUI8q9rswe via @YouTube #freemilo #freemilonow
756237339781922818,2016-07-21T21:20:06.000Z,710458480642011139,"#HISTORY

FDR3354 Twitter Bans Milo Yiannopoulos #FreeMilo | Mike Cernovich an

https://t.co/LPPnpMdHSF
#PODCAST https://t.co/TZLUUTYLFK"
756236968107859971,2016-07-21T21:18:38.000Z,25791824,"""Milo Yiannopoulos Ban Could Hammer Twitter Stock""

Holy shit.
https://t.co/g58qnUkUVn

#FreeMilo"
756236967747153920,2016-07-21T21:18:37.000Z,400060040,Â«BÃ¶sewichtÂ» Milo Yiannopoulos inszeniert sich als Opfer. #freemilo https://t.co/RC028dtd3z via @tagesanzeiger
756235882995351552,2016-07-21T21:14:19.000Z,352094180,"If there aren't enough pieces of shit out here, Milo Yiannopoulos brought his #FreeMilo campaign to the #RNCinCLE. https://t.co/v9MVxTx6Zr"
756228060010217472,2016-07-21T20:43:14.000Z,397823618,To all my #FreeMilo friends-hypocrisy does exist. https://t.co/pqhbiucUny
756227604017852416,2016-07-21T20:41:25.000Z,27404671,"Watch ""Twitter Bans Milo Yiannopoulos #FreeMilo | Mike Cernovich and Stefan Molyneux"" on YouTube - https://t.co/raBQ7tNSbW"
756226648446427136,2016-07-21T20:37:37.000Z,95058717,"A curiously even-handed appraisal of Milo's @twitter ban by @jack #FreeMilo #FreeMiloNow
https://t.co/uCJCop4nd6"
756226022517813248,2016-07-21T20:35:08.000Z,16700785,"Twitter Bars Milo #Yiannopoulos in Wake of Leslie Jonesâ€™s Reports of Abuse, via @nytimes Twitter #Trolls  https://t.co/rRTpfXXiQq"
756224189808410624,2016-07-21T20:27:51.000Z,4509306615,The people have spoken: #FreeMilo. https://t.co/JvsDZcrkLD
756221386532589568,2016-07-21T20:16:43.000Z,2903671648,Good Article: Why Twitter was wrong to ban Milo Yiannopoulos #FreeMilo  https://t.co/Eb0InugjhD via @IrishTimesLife
756219837882433536,2016-07-21T20:10:33.000Z,755817369721798656,milo.yiannopoulos's photo https://t.co/ycl04q6eOm #FreeMilo
756217508055613440,2016-07-21T20:01:18.000Z,146733368,#Twitter permanently #bans its most abusive user #MiloYiannopoulos https://t.co/HEcFrotQKU
756212256610906112,2016-07-21T19:40:26.000Z,755266896,#FreeMilo Milo Yiannopoulos talks to CNBC about his Twitter Suspension - YouTube https://t.co/gPdJkzlW5y
756210204753047552,2016-07-21T19:32:17.000Z,1265546179,"https://t.co/o7uydRQpLP

#freemilo"
756209647007076352,2016-07-21T19:30:04.000Z,19212274,".@SabrinaMaddeaux asks: is it fair for #Twitter to banish alleged #Trolls #MiloYiannopoulos 
https://t.co/KASJwaWIdV https://t.co/mxrGKvYQPY"
756208843063906304,2016-07-21T19:26:52.000Z,65929222,"Milo Yiannopoulos should sue twitter, oh was that hateful? #freemilonow"
756207149722640384,2016-07-21T19:20:08.000Z,332364015,Twitter Bans Milo Yiannopoulos #FreeMilo | Mike Cernovich and Stefan Mol... https://t.co/MoPNO9Oqa3 via @YouTube
756205543446966272,2016-07-21T19:13:45.000Z,471681042,"#FreeMilo

Why was Twitter so vague about banning Milo Yiannopoulos?       
https://t.co/1Ri7j1vGQG"
756205498681229312,2016-07-21T19:13:35.000Z,974215957,"#StandWithMilo ... Natural News 'Most Dangerous Faggot of the Year Award' to Milo Yiannopoulos. @ValentineShow 
https://t.co/PcTBFFVFyl"
756202982979481602,2016-07-21T19:03:35.000Z,218493884,"It is important to note that saying #freemilo does not condone the flat out racist and ignorant shit people tweeted
https://t.co/At9rmG0hJu"
756200805573636096,2016-07-21T18:54:56.000Z,14102928,"#RealityChecked:  #Yiannopoulos is no martyr
https://t.co/24X3P1Rhkw
#FreeSpeech #CivilRights #CivilLiberties #OnlineAbuse #harrassment"
756200583003070464,2016-07-21T18:54:03.000Z,339760532,"Meh, start a new acct we'll all follow you #Milo Yiannopoulos: I Have No Regrets About Twitter Fight https://t.co/rlxjNefkas #RNCinCLE"
756200048317243392,2016-07-21T18:51:55.000Z,16426454,"""Conservative Personality Milo Yiannopoulos Thanks Twitter for Lifetime Ban"" https://t.co/8uWv6X9wPG #news #feedly #FreeMilo"
756198185861722112,2016-07-21T18:44:31.000Z,111596475,#FREEMILO  RT @RealAlexJones: Thought criminals! Milo Yiannopoulos taking calls on the #AlexJonesShow LIVE: https://t.co/D70nErORZu #1a
756195862489858048,2016-07-21T18:35:17.000Z,2774305046,Milo Yiannopoulos Responds to Twitter CensorshipÂ #FreeMilo https://t.co/CwSV1j8NkV https://t.co/WM2eJSuXQx
756195167317561344,2016-07-21T18:32:31.000Z,728105089743781888,Milo Yiannopoulos Responds to Twitter Censorship #FreeMilo: Journalist and political provocateur Milo Yiannop... https://t.co/hwl9wLsajS
756195151769313281,2016-07-21T18:32:28.000Z,724485083508301824,Milo Yiannopoulos Responds to Twitter Censorship #FreeMilo: Journalist and political provocateur Milo Yiannop... https://t.co/sOPSY7tRJE
756194643482546176,2016-07-21T18:30:27.000Z,1561537848,Milo Yiannopoulos Responds to Twitter CensorshipÂ #FreeMilo https://t.co/LKPQDsnoBY
756193622115123200,2016-07-21T18:26:23.000Z,3293118434,Breitbartâ€™s Milo Yiannopoulos connects w/ #LatinosForTrump's  @MarcoGutierrez at #RNCinCLE ðŸ‡ºðŸ‡¸ We're united #FreeMilo https://t.co/4NliN1oTkQ
756193291218149376,2016-07-21T18:25:04.000Z,2490731438,Twitter Bans Milo Yiannopoulos #FreeMilo | Mike Cernovich and Stefan Molyneux https://t.co/RiuR1r7taF
756187411940413440,2016-07-21T18:01:42.000Z,707702775606583298,Follow The Money To Understand Why Milo Yiannopoulos Was Banned #FreeNero https://t.co/uI1wUWaJmY via @israellycool
756187143177809920,2016-07-21T18:00:38.000Z,2721267708,"Milo's Revenge: Yiannopoulos ""In Talks"" for Reality TV, Movie After Twitter Ban https://t.co/0147FbTzzM via @thr

#FreeMilo #TwitterBias"
756186186725535744,2016-07-21T17:56:50.000Z,3165230185,Twitter Bans Milo Yiannopoulos #FreeMilo | Mike Cernovich and Stefan Mol... https://t.co/xYZlm2tHE1 via @YouTube
756185355007692800,2016-07-21T17:53:32.000Z,18956073,"NEW: White House on Milo Yiannopoulos: ""Not going to second-guess"" Twitter #FreeMilo https://t.co/VT2zFbRl8k https://t.co/xETMKOzL0W"
756184440003502080,2016-07-21T17:49:54.000Z,747494653172277248,Twitter Bans Milo Yiannopoulos #FreeMilo | Mike Cernovich and Stefan Mol... https://t.co/VZlwnsrvvT via @YouTube
756183989019299840,2016-07-21T17:48:06.000Z,102533161,Just ran into Milo Yiannopoulos at Media Row. @twitter banned him. #FreeMilo
756181172418285568,2016-07-21T17:36:55.000Z,2457085861,Follow The Money To Understand Why Milo Yiannopoulos Was Banned #FreeNero https://t.co/EgBl1oWcCj via @israellycool
756178131531161604,2016-07-21T17:24:50.000Z,529736735,#FreeMilo Milo Yiannopoulos talks to CNBC about his Twitter Suspension https://t.co/zNUt6CJKwX via @YouTube
756177190383865856,2016-07-21T17:21:05.000Z,2838985557,#FreeMilo Milo Yiannopoulos talks to CNBC about his Twitter Suspension https://t.co/lDxUViEMac via @YouTube
756175487714598912,2016-07-21T17:14:19.000Z,53669477,Twitter Bans Milo Yiannopoulos #FreeMilo | Mike Cernovich and Stefan Mol... https://t.co/PYxNBbfIDO via @YouTube
756175302053593088,2016-07-21T17:13:35.000Z,2222062584,Should @jack dorsey be ousted from his position as CEO of @twitter after banning Milo Yiannopoulos? #freemilo
756173784734760960,2016-07-21T17:07:33.000Z,1179710990,Twitter Bans Milo Yiannopoulos #FreeMilo | Mike Cernovich and Stefan Molyneux https://t.co/o1nKMx3URG https://t.co/fMQAVAr0AG
756173551833604096,2016-07-21T17:06:38.000Z,51642559,Twitter Bans Milo Yiannopoulos #FreeMilo | Mike Cernovich and Stefan Molyneux https://t.co/MYoR1UjOHD... https://t.co/Ql9aG7CmoY
756173438671347712,2016-07-21T17:06:11.000Z,388330222,"Milo's Revenge: Yiannopoulos ""In Talks"" for Reality TV, Movie After Twitter Ban

https://t.co/L4tb7ffZ42 #FreeMilo"
756173209138032640,2016-07-21T17:05:16.000Z,15010626,Twitter Bans Milo Yiannopoulos #FreeMilo | Mike Cernovich and Stefan Molyneux https://t.co/wxwqdDZPTP... https://t.co/IuUoODtXYz
756172572849541120,2016-07-21T17:02:45.000Z,471539132,Milo Yiannopoulos is going to be on the @RealAlexJones show today #FreeMilo #RNCinCLE
756172371623632897,2016-07-21T17:01:57.000Z,23186908,#FreeMilo @nero Milo Yiannopoulos on @infowars LIVE coming up in one hour https://t.co/AM66vth8dD https://t.co/ciyjWuXFTI
756172059928039424,2016-07-21T17:00:42.000Z,364898606,Twitter Bans Milo Yiannopoulos #FreeMilo | Mike Cernovich and Stefan Mol... https://t.co/rh9jIwkJyY via @YouTube i wish he didnt make sence.
756170892997111809,2016-07-21T16:56:04.000Z,21511099,"#Ariana #Rowlands, President Of UCI College #Republicans, On #Milo Yiannopoulos Twitter Ban https://t.co/tfOcgbQ2LG"
756170183157411840,2016-07-21T16:53:15.000Z,288487427,"#FreeMilo

Markus Persson, Minecraft creator, rips Twitter for Milo Yiannopoulos lifetime ban - https://t.co/TV87BmkXkB - @washtimes"
756169633862787072,2016-07-21T16:51:04.000Z,3018960919,WATCH @PrisonPlanet blast media lies about Milo Yiannopoulos' Twitter ban https://t.co/YpIRU7ZwCa #FreeMilo #tcot https://t.co/cM7qOc8KDO
756168084562538496,2016-07-21T16:44:54.000Z,731595886858473475,I liked a @YouTube video https://t.co/wNV1ZdxcVG #FreeMilo Milo Yiannopoulos talks to CNBC about his Twitter Suspension
756167875413639168,2016-07-21T16:44:05.000Z,76098773,I liked a @YouTube video https://t.co/5vHxzHJ4KR #FreeMilo Milo Yiannopoulos talks to CNBC about his Twitter Suspension
756167840680509440,2016-07-21T16:43:56.000Z,3905554797,I liked a @YouTube video from @stefanmolyneux https://t.co/jWTsfIsG4H Twitter Bans Milo Yiannopoulos #FreeMilo | Mike Cernovich and
756166196739706881,2016-07-21T16:37:24.000Z,224717609,"@AliSinaOrg @markhumphrys @AMDWaters @EricAllenBell @HenMazzig @JamieGlazov @GadSaad Why Milo Was Banned #FreeNero
https://t.co/abB0xJslRJ"
756166105207492608,2016-07-21T16:37:03.000Z,3533435722,"So people can say they want to kill cops but Milo Yiannopoulos gets banned for ""mean tweets"" #FreeMilo #DoubleStandards"
756165618101989376,2016-07-21T16:35:06.000Z,224717609,@PrisonPlanet Follow The Money To Understand Why Milo Yiannopoulos Was Banned #FreeNero https://t.co/abB0xJslRJ
756165133374676994,2016-07-21T16:33:11.000Z,713531074362540032,"Follow The $TWTR Money To Understand Why #FreeMilo Yiannopoulos Was Banned. 
#FreeNero
https://t.co/MD4hglPeVJ"
756164748463312896,2016-07-21T16:31:39.000Z,718279599910686724,"Why was flamboyant #LGBTIQ-activist Milo Yiannopoulos banned from Twitter?
https://t.co/a0ZxzbbfIX
#FreeMilo #Pride"
756164543135580160,2016-07-21T16:30:50.000Z,716958934670553088,#Twitter permanently #bans its most abusive user #MiloYiannopoulos https://t.co/wRXo5p1P4L
756164525699674114,2016-07-21T16:30:46.000Z,1483534410,"There are literally ISIS accounts on twitter, but twitter decides to suspend Milo Yiannopoulos for making rude comments? #FreeMilo"
756163706594037760,2016-07-21T16:27:31.000Z,755244967598039040,Why was Twitter so vague about banning Milo Yiannopoulos? https://t.co/5uef7vNk1u via @verge @support @jack @twitter #FreeMilo
756161415392534529,2016-07-21T16:18:24.000Z,716235512302989312,"Check out my blog post on why Twitter banned Milo Yiannopolous #BanNero #FreeMilo #FreeNero
https://t.co/3B5iuQuqd2"
756161079462330368,2016-07-21T16:17:04.000Z,753049927031267328,"I don't particularly like Milo Yiannopoulos, but he has just as much a right to speak his mind as anyone else. #FreeMilo"
756159329380737024,2016-07-21T16:10:07.000Z,2413564144,@BBCPropaganda @Nestle #FreeMilo it's about Milo Yiannopoulos https://t.co/CXR8pGy4CI issue.
756154602513272832,2016-07-21T15:51:20.000Z,2994073372,"Twitter gegen Milo Yiannopoulos 

#FreeMilo #FreeMiloNow

https://t.co/hsyygJMAlz via @wordpressdotcom"
756153832506208256,2016-07-21T15:48:16.000Z,986957322,"@twitter Heeeeeeey you Guys! You let ISIS recute on here, but yet Milo Yiannopoulos can even speak freely #FreeMilo #shameonyou"
756151994839076864,2016-07-21T15:40:58.000Z,2858897923,"""I like how ISIS is allowed to have accounts on Twitter, but not Milo Yiannopoulos.""

- TJ ""TheAmazingAtheist"", DPP #261
#FreeMilo #FreeNero"
756151740047777792,2016-07-21T15:39:58.000Z,14718880,I liked a @YouTube video from @stefanmolyneux https://t.co/3TAKUzddUp Twitter Bans Milo Yiannopoulos #FreeMilo | Mike Cernovich and
756147560134352896,2016-07-21T15:23:21.000Z,3427951089,"#Zensur trifft #Schwule-#Aktivisten die nicht dem #Mainstream folgen besonders. #freeMilo #AfD
https://t.co/bnfl0vyCig via @wordpressdotcom"
756633828605718531,2016-07-22T23:35:36.000Z,18225578,I liked a @YouTube video from @stefanmolyneux https://t.co/QxDvzD3PpF Twitter Bans Milo Yiannopoulos #FreeMilo | Mike Cernovich and
756632787772243968,2016-07-22T23:31:28.000Z,415011848,"@Twitter bans Milo Yiannopoulos, a conservative provocateur, yet allows ISIS terrorists to recruit and post pics of their murders. #freemilo"
756630312646508544,2016-07-22T23:21:38.000Z,4620063202,Milo Yiannopoulos Confronts Twitter At The RNC !!! #FreeMilo #infowars #MiloYiannopoulos #WeAreChange   https://t.co/SguW8Jmbzb via @YouTube
756628680529543174,2016-07-22T23:15:09.000Z,4214995979,"WIKI LEAKS considering starting a new social network featuring Milo Yiannopoulos
#FreeMilo

 https://t.co/2UpF6dIF8G"
756624693604614144,2016-07-22T22:59:19.000Z,701293850,"Milo Yiannopoulos at America First Unity Rally RNC (7/18/16). 
#FreeMilo 
 https://t.co/SE0yxkCGt3"
756615436612014080,2016-07-22T22:22:31.000Z,30384997,RT @TheMovement: By banning #Milo Twitter just created a martyr for White nationalism https://t.co/RGeqvs6zRp https://t.co/DziyW80vSf
756606432229875712,2016-07-22T21:46:45.000Z,1278704839,#FreeMilo Milo Yiannopoulos BANNED OFF TWITTER #FreeNero https://t.co/dWEw70T2sV via @YouTube
756606310079234049,2016-07-22T21:46:16.000Z,3830589192,I liked a @YouTube video https://t.co/sgSK9tlsSD #FreeMilo Milo Yiannopoulos talks to CNBC about his Twitter Suspension
756601476684902400,2016-07-22T21:27:03.000Z,19212274,"ICYMI @24hrs .@SabrinaMaddeaux asks: is it fair for #Twitter to banish alleged #Trolls #MiloYiannopoulos 
https://t.co/KASJwbejCv â€¦"
756601344023203840,2016-07-22T21:26:32.000Z,522800798,Milo Yiannopoulos declares war on Twitter after receiving a lifetime ban https://t.co/x8aFBNv0db via @bi_politics #freemilo
756598939848208384,2016-07-22T21:16:58.000Z,730766115337568256,Twitter Bans Milo Yiannopoulos #FreeMilo | Mike Câ€¦: https://t.co/qyEO1iuN0c
756598606946246656,2016-07-22T21:15:39.000Z,965209016,https://t.co/xtC1NkBreM This pretty much sums up how I feel on the matter #FreeMilo
756597210498859012,2016-07-22T21:10:06.000Z,710458480642011139,"#HISTORY

FDR3354 Twitter Bans Milo Yiannopoulos #FreeMilo | Mike Cernovich an

https://t.co/LPPnpMdHSF
#PODCAST https://t.co/V1ukDR8h4z"
756590758430318592,2016-07-22T20:44:28.000Z,2387384929,#FreeMilo #Milo #Yiannopoulos talks to #CNBC about his #Twitter Suspension https://t.co/1uTq4ctxVF via @YouTube
756587633346744320,2016-07-22T20:32:03.000Z,2803637097,Twitter Bans Milo Yiannopoulos #FreeMilo | Mike Cernovich and Stefan Molyneux https://t.co/b1NF4VZbeO
756585837479985152,2016-07-22T20:24:54.000Z,848637416,I liked a @YouTube video https://t.co/fFcD2QC3Ud #FreeMilo Milo Yiannopoulos talks to CNBC about his Twitter Suspension
756585549901787139,2016-07-22T20:23:46.000Z,747494653172277248,"We found LOKI. His human avatar's the mischievous bloke of chaos 
Milo Yiannopoulos #FreeMilo"
756574932214149121,2016-07-22T19:41:34.000Z,2953266052,"#jobs # #Milo Yiannopoulos in Talks for Reality TV Show, Movie Following Twitter Ban â€“ WATCH:  
           #H... https://t.co/G7lXquGU4W"
756568940701224960,2016-07-22T19:17:46.000Z,1462428901,On the depressingly hopeless task of trying to block out #Milo Yiannopoulos and his pathetic gutter-speak: https://t.co/AMxVbxEUSL
756566118916055041,2016-07-22T19:06:33.000Z,182854304,.@twitter just made #MiloYiannopoulos louder https://t.co/x4pjYMdmX8  @DonaldClarke63
756564338115276801,2016-07-22T18:59:29.000Z,3045149182,Interesting perspective on #freemilo. Let's not make #freespeech a stalking horse for real racism: https://t.co/mBnlga7Sfe @bunny_blackwell
756564148868218881,2016-07-22T18:58:44.000Z,2850255627,Milo/Leslie spat exposes the awfulness o/t #AltRight https://t.co/E6mTya82HM by @Tom_Slater_ #FreeSpeech #FreeMilo https://t.co/3uIJLCF6J3
756562493670129664,2016-07-22T18:52:09.000Z,191650247,I liked a @YouTube video https://t.co/J9nq5WEk8C #FreeMilo Milo Yiannopoulos talks to CNBC about his Twitter Suspension
756559712536162304,2016-07-22T18:41:06.000Z,710458480642011139,"#HISTORY

FDR3354 Twitter Bans Milo Yiannopoulos #FreeMilo | Mike Cernovich an

https://t.co/LPPnpMdHSF
#PODCAST https://t.co/tRqQXyxSx7"
756555907551617024,2016-07-22T18:25:59.000Z,25645943,The best article on ##FreeMilo by @Tom_Slater_.  https://t.co/K7h8tWC1if
756555765201113088,2016-07-22T18:25:25.000Z,2686400319,Milo Yiannopoulos banned from Twitter! Absolute joke. So much for free speech. #freemilo #freenero https://t.co/l2XeLoZE3T
756554428073639936,2016-07-22T18:20:06.000Z,3013757035,#FreeMilo https://t.co/Oa0SWQTQcE nah fuck that prick. What'd I say? 1A only applies to conservatives &amp; those who spew the same rhetoric.
756554120278921216,2016-07-22T18:18:53.000Z,127182036,Twitter Bans Milo Yiannopoulos #FreeMilo | Mike Cernovich and Stefan Molyneux https://t.co/9tVac2qZ10
756553161716953088,2016-07-22T18:15:04.000Z,57086628,A Verdade sobre a Censura Ã  Milo Yiannopoulos - @PrisonPlanet https://t.co/lqVj46HvUR #freemilo
756551076258648066,2016-07-22T18:06:47.000Z,585373730,I liked a @YouTube video https://t.co/7kgUlLICvM #FreeMilo Milo Yiannopoulos talks to CNBC about his Twitter Suspension
756550884838866944,2016-07-22T18:06:01.000Z,2984229304,"#jobs #jobsearch # #Twitter bans ultimate right-wing troll Milo Yiannopoulos ...:  
           #Yiannopoulos,... https://t.co/xTW0fH6cZi"
756548170763661312,2016-07-22T17:55:14.000Z,1105300596,"Great stuff from @Tom_Slater_ on the #FreeMilo thing and free speech.
https://t.co/bFgXoBhAZ7"
756545865234341888,2016-07-22T17:46:04.000Z,731501349590851585,"More Milo than you ever wanted.  #FreeMilo 

https://t.co/f3bv3RrBpx"
756545453781577728,2016-07-22T17:44:26.000Z,127182036,I liked a @YouTube video from @stefanmolyneux https://t.co/z785VFpjFH Twitter Bans Milo Yiannopoulos #FreeMilo | Mike Cernovich and
756541805961809920,2016-07-22T17:29:57.000Z,809668830,I liked a @YouTube video https://t.co/tODpWs2iq0 #FreeMilo Milo Yiannopoulos talks to CNBC about his Twitter Suspension
756534506966884352,2016-07-22T17:00:56.000Z,52512356,Twitter Bans Milo Yiannopoulos #FreeMilo | Mike Cernovich and Stefan Mol... https://t.co/s3BoL50WBZ via @YouTube
756525718566232064,2016-07-22T16:26:01.000Z,76361878,Facebook just advised me on how to unfollow Milo Yiannopoulos. Thanks but no thanks. #FreeMilo
756520025826078721,2016-07-22T16:03:24.000Z,731501349590851585,Banning Milo won't stop him. Liberals realize they created a martyr.  @qz #freemilo https://t.co/owMwxDNAI0
756518401900556290,2016-07-22T15:56:57.000Z,731501349590851585,Milo annoys people. How sad for them. @qz #freemilo  https://t.co/0KLzPxjOIP
756518040632631296,2016-07-22T15:55:30.000Z,40303543,#FreeMilo Milo Yiannopoulos talks to CNBC about his Twitter Suspension https://t.co/3caKsqZqMe
756514594915364864,2016-07-22T15:41:49.000Z,731501349590851585,"Queen Milo is flooding the Internet.  @nymag #FreeMilo 
https://t.co/e4bTPUH39O"
756513455713161217,2016-07-22T15:37:17.000Z,222609328,Twitter Bans Milo Yiannopoulos #FreeMilo | Mike Cernovich and Stefan Mol... https://t.co/fTIc1O6zxZ via @YouTube
756513454689779713,2016-07-22T15:37:17.000Z,222609328,I liked a @YouTube video from @stefanmolyneux https://t.co/FnNpqzY88X Twitter Bans Milo Yiannopoulos #FreeMilo | Mike Cernovich and
756509500799062017,2016-07-22T15:21:34.000Z,2899891476,I liked a @YouTube video https://t.co/SxKAxIDSkm #FreeMilo Milo Yiannopoulos talks to CNBC about his Twitter Suspension
756505862987022336,2016-07-22T15:07:07.000Z,304040808,Republicans love Milo Yiannopoulos. Democrats hate Milo for not voting the way they tell gay people to vote. Dems the true bigots. #FreeMilo
756500093906198528,2016-07-22T14:44:12.000Z,49922681,Milo Yiannopoulos Loves Donald Trump And So Much More https://t.co/0mgxlqkMSD #MiloYiannopoulos #FreeMilo #DonaldTrump #Gays #Christians
756495706513403905,2016-07-22T14:26:46.000Z,32847615,I liked a @YouTube video https://t.co/FV9rAlWOn5 #FreeMilo Milo Yiannopoulos talks to CNBC about his Twitter Suspension
756495551500161025,2016-07-22T14:26:09.000Z,710458480642011139,"#HISTORY

FDR3354 Twitter Bans Milo Yiannopoulos #FreeMilo | Mike Cernovich an

https://t.co/LPPnpMviKd
#PODCAST https://t.co/l7meIxiw2i"
756495044769480704,2016-07-22T14:24:08.000Z,177423199,"@arapaho415 2/ ""Milo Yiannopoulos [banned for life twitter troll #Nero] is the ideological analogue of Kim Kardashianâ€™s rear end"" ...."
756488718479978496,2016-07-22T13:59:00.000Z,388330222,"Milo Yiannopoulos Confronts Twitter At The RNC

https://t.co/3VCY7GQ922 #FreeMilo"
756486618614149120,2016-07-22T13:50:39.000Z,986957322,Good morning @twitter  have a great day and remember that Milo Yiannopoulos is still speak the fabulous truth #FreeMilo
756486215033958401,2016-07-22T13:49:03.000Z,49922681,The Best of Milo Yiannopoulos https://t.co/H0jWNNSW8W #FreeMilo #Milo #MiloYiannopoulos
756482460125388800,2016-07-22T13:34:07.000Z,15699770,Milo Yiannopoulos Permanently Suspended From Twitter https://t.co/BZUXmI1X4n via @YouTube #freemilo
756474846821883904,2016-07-22T13:03:52.000Z,25062440,Five accounts that are literally the Devil (way worse than Milo) still active on Twitter: #FreeMilo https://t.co/99KT59BQap
756466334460841985,2016-07-22T12:30:03.000Z,2561538000,Is #MiloYiannopoulosâ€™ Suspension A Sign of Changing Times At #Twitter? https://t.co/P9zeSDTJfD via @blogging4jobs https://t.co/RsAGXlnWt6
756465411147853824,2016-07-22T12:26:23.000Z,57225858,#freemilo Twitter Permanently Suspends Conservative Firebrand Milo Yiannopo... https://t.co/NEp3UZtq1R
756451305414156288,2016-07-22T11:30:20.000Z,71005583,"""Milo Yiannopoulos Confronts Twitter At The RNC"" https://t.co/6hxuYKnPIt #FreeMilo defend #FreedomOfSpeech #stopCensorship"
756441189872787456,2016-07-22T10:50:08.000Z,2362513878,Milo Yiannopoulos Confronts Twitter At The RNC #milo https://t.co/NySTB9rjNd
756439994806439936,2016-07-22T10:45:23.000Z,1648943900,#FreeMilo Milo Yiannopoulos talks to CNBC about his Twitter Suspension https://t.co/eYG4cLbsSK
756439668762304513,2016-07-22T10:44:05.000Z,710458480642011139,"#HISTORY

FDR3354 Twitter Bans Milo Yiannopoulos #FreeMilo | Mike Cernovich an

https://t.co/LPPnpMdHSF
#PODCAST https://t.co/nRLMhF6uLO"
756439179953860608,2016-07-22T10:42:09.000Z,42990909,Milo Yiannopoulos Confronts Twitter At The RNC https://t.co/9C0beCMmvZ via @YouTube #freemilo
756430335810924544,2016-07-22T10:07:00.000Z,2721267708,Milo Yiannopoulos Vows to Make Twitter Bosses â€˜Wish Theyâ€™d Never Started a Company' https://t.co/xw0ZlRGW9y @theblaze #FreeMilo #TwitterBias
756429836969578496,2016-07-22T10:05:01.000Z,149868001,#Kommentar: TÃ¼rkische VerhÃ¤ltnisse bei Twitter #jobs # #twitter: #Milo Yiannopoulos ist Vorreiter der jungen ... https://t.co/yJ6dh0zIK0
756426489772384256,2016-07-22T09:51:43.000Z,57655062,"One thing about @MiloLives: he's always one step ahead, right @Jack? https://t.co/YL3ROULqxQ #FreeMilo #FreeNero https://t.co/oYDbP14YYR"
756426003447152640,2016-07-22T09:49:47.000Z,2388013466,I liked a @YouTube video https://t.co/N4i5dzjb8P #FreeMilo Milo Yiannopoulos talks to CNBC about his Twitter Suspension
756418876846387200,2016-07-22T09:21:28.000Z,19899344,VIDEO #FreeMilo Milo Yiannopoulos talks to CNBC about his Twitter Suspension #tcot #gop #Conservatives #Libertarian https://t.co/kiTmxpcW6n
756418426277539840,2016-07-22T09:19:41.000Z,27800134,Homeboy with the grenade launcher ðŸ˜® Milo Yiannopoulos #FreeMilo https://t.co/3IZ748pJQh
756417821534478336,2016-07-22T09:17:16.000Z,2267230360,"#FreeMilo Twitter Permanently Bans Conservative Milo Yiannopoulos how about ""checking Leslie's privilege"" #FreeMilo https://t.co/EeAKTvw81f"
756413540945231872,2016-07-22T09:00:16.000Z,2501638093,Breitbart&amp;#039;s Milo Yiannopoulos Suspended Forever From Twitter #yiannopoulos https://t.co/EZZQKYSOmi
756410250123542528,2016-07-22T08:47:11.000Z,46036755,#Milo Yiannopoulos Confronts Twitter At The #RNC: We Are Change In this HD videoâ€¦ https://t.co/J6w3jI15jx https://t.co/sPMOsd0jYD
756410248059944960,2016-07-22T08:47:11.000Z,45262242,#Milo Yiannopoulos Confronts Twitter At The #RNC: We Are Change In this HD videoâ€¦ https://t.co/70WU0YWFxU https://t.co/EQArwK0g9U
756410247153979392,2016-07-22T08:47:11.000Z,46035815,#Milo Yiannopoulos Confronts Twitter At The #RNC: We Are Change In this HD videoâ€¦ https://t.co/iBcswZG2uw https://t.co/lVlrkD3gP8
756409140130353152,2016-07-22T08:42:47.000Z,815174527,"Milo Yiannopoulos banned from Twitter, which highlights double standards of the platform
https://t.co/E7xpgPLYMn
#yiannopoulos #censorship"
756408311096934401,2016-07-22T08:39:29.000Z,137404433,I liked a @YouTube video https://t.co/giDIsWMDoy #FreeMilo Milo Yiannopoulos talks to CNBC about his Twitter Suspension
756404780998602756,2016-07-22T08:25:27.000Z,26090141,#FreeMilo Milo Yiannopoulos talks to CNBC about his Twitter Suspension https://t.co/Jsws4T4YMs
756400887531204613,2016-07-22T08:09:59.000Z,1630970820,I liked a @YouTube video https://t.co/iF7Tq5Hkjk #FreeMilo Milo Yiannopoulos talks to CNBC about his Twitter Suspension
756399935847735298,2016-07-22T08:06:12.000Z,1320073142,#FreeMilo Milo Yiannopoulos talks to CNBC about his Twitter Suspension https://t.co/z1qhWQ0hXJ via @YouTube
756392969133957120,2016-07-22T07:38:31.000Z,2984140421,"#jobs #jobsearch # #Milo Yiannopoulos's ban proves Twitter is censoring conservatives:  
           #This kin... https://t.co/bkkDBFEAYk"
756387026614808576,2016-07-22T07:14:54.000Z,2789876239,"Milo Yiannopoulos on Censorship, Twitter, and Free Speech #FreeMilo https://t.co/6JS1S1uj54 via @YouTube"
756386302380081152,2016-07-22T07:12:02.000Z,2789876239,Twitter Bans Milo Yiannopoulos #FreeMilo | Mike Cernovich and Stefan Mol... https://t.co/iRVv3tg9u6 via @YouTube
756386190761263104,2016-07-22T07:11:35.000Z,2789876239,Milo Yiannopoulos Responds to Twitter Censorship #FreeMilo https://t.co/LXHqyehjja via @YouTube
756385875030867968,2016-07-22T07:10:20.000Z,14053449,People are startlingly passionate about their dislike for Milo Yiannopoulos. #FreeMilo #ByeMilo https://t.co/kADUd5CkDw
756383378342019072,2016-07-22T07:00:24.000Z,191083978,https://t.co/zCeha14SIL #FreeMilo
756382793366548480,2016-07-22T06:58:05.000Z,710458480642011139,"#HISTORY

FDR3354 Twitter Bans Milo Yiannopoulos #FreeMilo | Mike Cernovich an

https://t.co/LPPnpMviKd
#PODCAST https://t.co/g0lXUPaYxs"
756380916579119104,2016-07-22T06:50:38.000Z,31322304,@sebastianmuno10 @wikileaks So fucking what! How does that excuse #Milo #Yiannopoulos' behavior!? https://t.co/T2qqPtlIDX #LeslieJones
756375184668434432,2016-07-22T06:27:51.000Z,727424222134325248,"I may not agree with some of Milo Yiannopoulos's opinions, but censoring opinions and free-speech is the essence of totalitarian. #FreeMilo"
756374939091996673,2016-07-22T06:26:52.000Z,2348287836,#FreeMilo Milo Yiannopoulos talks to CNBC about his Twitter Suspension https://t.co/IkmgyUMpU5 via @YouTube
756373261584330752,2016-07-22T06:20:12.000Z,549372521,Twitter Permanently Suspends Conservative Writer #Milo #Yiannopoulos https://t.co/N3ZlktzDoA via @cwarzel @buzzfeednews
756372442117992448,2016-07-22T06:16:57.000Z,1882627304,I liked a @YouTube video https://t.co/Z23ylnKfGv #FreeMilo Milo Yiannopoulos talks to CNBC about his Twitter Suspension
756372169811189760,2016-07-22T06:15:52.000Z,2545326607,I'm straight but I love Milo Yiannopoulos and I miss him. He is so hot with his truthful speech and facts about the Left &amp; so. #FreeMilo
756366183721426948,2016-07-22T05:52:05.000Z,82523696,Twitter Bans Milo Yiannopoulos #FreeMilo | Mike Cernovich and Stefan Molyneux: While in Cleveland for the Rep... https://t.co/udoVi0y2wF
756357374756188162,2016-07-22T05:17:05.000Z,52308525,Explicit Language: Milo Yiannopoulos Banned &amp; Leslie Jones Racist #FreeMilo https://t.co/7TpI1qug1n
756357317826936833,2016-07-22T05:16:51.000Z,450412852,Twitter silencing dissenting voices such as Milo Yiannopoulos opens the floodgates of censorship. #FreeMiloNow https://t.co/toARA2R8Fk
756356870114316288,2016-07-22T05:15:04.000Z,113137765,#FreeMilo: Breitbart's Milo Yiannopoulos Banned From Twitter https://t.co/ce2TMfIxpH via @YouTube
756354264079806464,2016-07-22T05:04:43.000Z,22860531,"Milo Yiannopoulos talks about his Twitter ban with Alex Jones at #RNCinCLE.  #FreeMilo 
https://t.co/FXmRrqV887"
